110,,0,0,0,0,4500,0000011000000,0,997,0,0,0,0,000000,0000,000000,0000,0,0,0,0,0,0,0,0,0,0,0,0,0,0,0,0,0,0,0,0,0,0,1,"Pan Blanco (kg)",0,0,0,0,0,0,0,0,0
120,,0,0,0,0,5500,0000012000000,0,997,0,0,0,0,000000,0000,000000,0000,0,0,0,0,0,0,0,0,0,0,0,0,0,0,0,0,0,0,0,0,0,0,1,"Pan Integral (kg)",0,0,0,0,0,0,0,0,0
130,,0,0,0,0,800,0000013000000,0,997,0,0,0,0,000000,0000,000000,0000,0,0,0,0,0,0,0,0,0,0,0,0,0,0,0,0,0,0,0,0,0,0,1,"Concha Vanilla (pza)",0,0,0,0,0,0,0,0,0
140,,0,0,0,0,900,0000014000000,0,997,0,0,0,0,000000,0000,000000,0000,0,0,0,0,0,0,0,0,0,0,0,0,0,0,0,0,0,0,0,0,0,0,1,"Concha Chocolate (pza)",0,0,0,0,0,0,0,0,0
150,,0,0,0,0,1000,0000015000000,0,997,0,0,0,0,000000,0000,000000,0000,0,0,0,0,0,0,0,0,0,0,0,0,0,0,0,0,0,0,0,0,0,0,1,"Oreja Glaseada (pza)",0,0,0,0,0,0,0,0,0
160,,0,0,0,0,700,0000016000000,0,997,0,0,0,0,000000,0000,000000,0000,0,0,0,0,0,0,0,0,0,0,0,0,0,0,0,0,0,0,0,0,0,0,1,"Cuernito (pza)",0,0,0,0,0,0,0,0,0
170,,0,0,0,0,600,0000017000000,0,997,0,0,0,0,000000,0000,000000,0000,0,0,0,0,0,0,0,0,0,0,0,0,0,0,0,0,0,0,0,0,0,0,1,"Polvoron (pza)",0,0,0,0,0,0,0,0,0
180,,0,0,0,0,750,0000018000000,0,997,0,0,0,0,000000,0000,000000,0000,0,0,0,0,0,0,0,0,0,0,0,0,0,0,0,0,0,0,0,0,0,0,1,"Garibaldi (pza)",0,0,0,0,0,0,0,0,0
190,,0,0,0,0,1200,0000019000000,0,997,0,0,0,0,000000,0000,000000,0000,0,0,0,0,0,0,0,0,0,0,0,0,0,0,0,0,0,0,0,0,0,0,1,"Empanada de Nata (pza)",0,0,0,0,0,0,0,0,0
200,,0,0,0,0,850,0000020000000,0,997,0,0,0,0,000000,0000,000000,0000,0,0,0,0,0,0,0,0,0,0,0,0,0,0,0,0,0,0,0,0,0,0,1,"Bisquet (pza)",0,0,0,0,0,0,0,0,0
210,,0,0,0,0,900,0000021000000,0,997,0,0,0,0,000000,0000,000000,0000,0,0,0,0,0,0,0,0,0,0,0,0,0,0,0,0,0,0,0,0,0,0,1,"Donas Glaseadas (pza)",0,0,0,0,0,0,0,0,0
220,,0,0,0,0,5000,0000022000000,0,997,0,0,0,0,000000,0000,000000,0000,0,0,0,0,0,0,0,0,0,0,0,0,0,0,0,0,0,0,0,0,0,0,1,"Pan Dulce Mezclado (kg)",0,0,0,0,0,0,0,0,0
230,,0,0,0,0,3500,0000023000000,0,997,0,0,0,0,000000,0000,000000,0000,0,0,0,0,0,0,0,0,0,0,0,0,0,0,0,0,0,0,0,0,0,0,1,"Rebanada Pastel Tres Leches (pza)",0,0,0,0,0,0,0,0,0
240,,0,0,0,0,3800,0000024000000,0,997,0,0,0,0,000000,0000,000000,0000,0,0,0,0,0,0,0,0,0,0,0,0,0,0,0,0,0,0,0,0,0,0,1,"Rebanada Pastel Chocolate (pza)",0,0,0,0,0,0,0,0,0
250,,0,0,0,0,4200,0000025000000,0,997,0,0,0,0,000000,0000,000000,0000,0,0,0,0,0,0,0,0,0,0,0,0,0,0,0,0,0,0,0,0,0,0,1,"Galletas de Avena (kg)",0,0,0,0,0,0,0,0,0
260,,0,0,0,0,4800,0000026000000,0,997,0,0,0,0,000000,0000,000000,0000,0,0,0,0,0,0,0,0,0,0,0,0,0,0,0,0,0,0,0,0,0,0,1,"Pan de Huevo (kg)",0,0,0,0,0,0,0,0,0
270,,0,0,0,0,1100,0000027000000,0,997,0,0,0,0,000000,0000,000000,0000,0,0,0,0,0,0,0,0,0,0,0,0,0,0,0,0,0,0,0,0,0,0,1,"Cemitas (pza)",0,0,0,0,0,0,0,0,0
280,,0,0,0,0,500,0000028000000,0,997,0,0,0,0,000000,0000,000000,0000,0,0,0,0,0,0,0,0,0,0,0,0,0,0,0,0,0,0,0,0,0,0,1,"Bolillo (pza)",0,0,0,0,0,0,0,0,0
290,,0,0,0,0,600,0000029000000,0,997,0,0,0,0,000000,0000,000000,0000,0,0,0,0,0,0,0,0,0,0,0,0,0,0,0,0,0,0,0,0,0,0,1,"Marraqueta (pza)",0,0,0,0,0,0,0,0,0
300,,0,0,0,0,1800,0000030000000,0,997,0,0,0,0,000000,0000,000000,0000,0,0,0,0,0,0,0,0,0,0,0,0,0,0,0,0,0,0,0,0,0,0,1,"Chile Relleno con Queso (pza)",0,0,0,0,0,0,0,0,0