PLU,Nombre,Precio,Unidad,ItemCode
110,MARRAQUETA,2500,KILO,110
120,HALLULLA,2500,KILO,120
130,COLISA,2500,KILO,130
140,DOBLADA,2500,KILO,140
150,INTEGRAL HALLULLA,2650,KILO,150
160,AMASADO,2500,KILO,160
170,CIABTTA MUTIGRANO INTEGRAL,2300,KILO,170
180,TARTALETA CHICA,1200,INDIVIDUAL,180
190,PIE DE LIMON INDIVIDUAL,1200,INDIVIDUAL,190
200,ECLER INDIVIDUAL,1200,INDIVIDUAL,200
210,REPOLLITO,1000,INDIVIDUAL,210
220,ZAPATITOS,1700,INDIVIDUAL,220
230,STRUDEL,1350,INDIVIDUAL,230
240,MADALENA,950,INDIVIDUAL,240
250,KUTCHEN INDIVIDUAL,1500,INDIVIDUAL,250
260,KUTCHEN MARACUYA,2100,INDIVIDUAL,260
270,KUTCHEN MARACUYA,13600,FAMILIAR,270
280,KUCHEN DE  NUEZ,2600,INDIVIDUAL,280
290,PAN DE MIEL,800,INDIVIDUAL,290
300,COCADAS COCMIX,800,INDIVIDUAL,300
310,COCADAS TRADISIONAL,400,INDIVIDUAL,310
320,BERLINES CON CREMA PASTELERAS,1100,INDIVIDUAL,320
330,BERLIN MEXITO,1100,INDIVIDUAL,330
340,TORTAS LUCUMA,1900,INDIVIDUAL,340
350,TORTAS LUCUMA  8 PERSONAS,7900,MEDIA,350
360,TORTAS LUCUMA  15 PERSONAS,15990,FAMILIAR,360
370,MOKA,1900,INDIVIDUAL,370
380,MOKA,7900,MEDIA,380
390,MOKA,15900,FAMILIAR,390
400,SELVA NEGRA,2300,INDIVIDUAL,400
410,SELVA NEGRA  PARA 8 PERSONAS,8500,MEDIA,410
420,TRES LECHES,1900,INDIVIDUAL,420
430,TRES LECHES,7900,MEDIA,430
440,CHEEESKAKE FRUTOS ROJOS,3200,INDIVIDUAL,440
450,MANJARATE,3200,INDIVIDUAL,450
460,KUCHEN DE MANZANA,1500,INDIVIDUAL,460
470,KUCHEN DE MANZANA,9000,FAMILIAR,470
480,TORTA DE YOGHURT,1900,INDIVIDUAL,480
490,TORTA DE YOGHURT,13000,FAMILIAR,490
500,TORTA DE MIL  HOJAS,1300,INDIVIDUAL,500
510,MENDOCINOS ALFAJORES,1300,INDIVIDUALES,510
520,MAICENITOS LFAJJORES,900,INDIVIDUALES,520
530,ALFAJOR DE HOJAS  NUEZ,1350,INDIVIDUALES,530
540,MIL HOJAS,1300,INDIVIDUALES,540
550,CACHITOS TRADISIONAL,950,INDIVIDUALES,550
560,CACHITOS CHOCOLATE,1100,INDIVIDUALES,560
570,EMPANADA DE HOJA,1600,INDIVIDUALES,570
580,PALMERAS,1000,INDIVIDUALES,580
590,MUFFIN  CHOCOLATE,1000,INDIVIDUALES,590
600,MUFFIN  FRUTILLA,1000,INDIVIDUALES,600
610,QUEQUE LIMON,1000,INDIVIDUALES,610
620,QUEQUE NARANJA,1000,INDIVIDUALES,620
630,QUEQUE ZANAHORIA,1000,INDIVIDUALES,630
640,QUEQUE SIN AZUCAR,1000,INDIVIDUALES,640
650,QUEQUE PLATANO,1000,INDIVIDUALES,650
660,QUEQUE NUEZ,1000,INDIVIDUALES,660
670,QUEQUE LIMON,4000,FAMILIAR,670
680,QUEQUE NARANJA,4000,FAMILIAR,680
690,QUEQUE ZANAHORIA,4000,FAMILIAR,690
700,QUEQUE SIN AZUCAR,4000,FAMILIAR,700
710,QUEQUE PLATANO,4500,FAMILIAR,710
720,QUEQUE NUEZ,4000,FAMILIAR,720
730,PAN DE MIEL,800,INDIVIDUAL,730
740,EMPOLVADOS,1300,INDIVIDUAL,740
750,BRAZO DE REINA,1300,INDIVIDUAL,750
760,BRAZO DE REINA,7900,FAMILIAR,760
770,BROWNIE CHOCOLATE,1300,INDIVIDUAL,770
780,ROLLOS DE CANELA,1300,INDIVIDUAL,780
790,CHILENITOS,1200,INDIVIDUAL,790
800,GALLETAS TRADISIONAL,10000,KILO,800
810,EMPOLVADOS,1300,,810
820,FACTURITAS,800,,820
830,BERLINES MANJAR,1100,,830
840,BERLINES MIXTO MANJAR CREMA,1100,,840
850,BERLIN CREMA,1100,,850
860,FACTURITAS MARRASQUINO,800,,860
870,FACTURITAS MANJAR,800,,870
880,FACTURITAS MERMELADA,800,,880
890,DONA,1200,,890
900,ROLLITO DE CANELA,1300,,900
